global_step,return
1000,-283.59136962890625
2000,-425.17236328125
3000,-266.56304931640625
4000,-189.18516540527344
5000,-283.5437927246094
6000,-79.28691864013672
7000,-251.28567504882812
8000,-123.40335845947266
9000,-198.6911163330078
10000,-312.68695068359375
11000,-78.93917846679688
