global_step,return
1000,-221.5240478515625
2000,-147.8818359375
3000,-188.23687744140625
4000,-200.6715850830078
5000,-373.8576354980469
6000,-60.979225158691406
7000,-56.471073150634766
8000,-329.7947082519531
9000,-240.46234130859375
10000,-180.7928924560547
11000,-246.11813354492188
