global_step,return
1000,-332.01995849609375
2000,-473.7340393066406
3000,-272.1709899902344
4000,-308.0617980957031
5000,-208.5990753173828
6000,-107.99431610107422
