global_step,return
1000,-255.84071350097656
2000,-425.00482177734375
3000,-345.11761474609375
4000,-267.27276611328125
5000,-375.4801330566406
6000,-137.62644958496094
7000,-291.1865234375
8000,-215.10739135742188
9000,-286.04595947265625
10000,-218.41473388671875
11000,-178.90145874023438
