global_step,return
1000,-283.59136962890625
2000,-425.17236328125
3000,-266.56304931640625
4000,-189.18516540527344
5000,-283.5437927246094
6000,-79.28691864013672
7000,-199.7012176513672
8000,-164.6829071044922
9000,-168.70277404785156
10000,-289.5325927734375
11000,-291.5984802246094
