global_step,return
1000,-254.1577606201172
2000,-239.35177612304688
3000,-280.4405822753906
4000,-192.81143188476562
5000,-242.63072204589844
6000,-53.79021453857422
7000,-198.26539611816406
8000,-184.41561889648438
9000,-225.54046630859375
10000,-310.3380432128906
11000,-218.2425079345703
