global_step,return
1000,-315.7409973144531
2000,-174.4356689453125
3000,-271.2107238769531
4000,-367.08221435546875
5000,-279.3833312988281
6000,-94.53770446777344
7000,-199.13233947753906
8000,-250.79544067382812
9000,-292.3728942871094
10000,-315.2887878417969
11000,-287.196044921875
