global_step,return
1000,-244.4361114501953
2000,-225.91331481933594
3000,-261.9850769042969
4000,-181.88768005371094
5000,-326.703369140625
6000,30.77240753173828
7000,-202.5312957763672
8000,-124.41503143310547
9000,-158.07339477539062
10000,-179.63314819335938
11000,-210.92835998535156
