global_step,return
1000,-283.59136962890625
2000,-425.17236328125
3000,-266.56304931640625
4000,-189.18516540527344
5000,-283.5437927246094
6000,-79.28691864013672
7000,-230.1188201904297
8000,-104.55005645751953
9000,-131.84300231933594
10000,-226.03675842285156
11000,-324.03875732421875
12000,-212.95977783203125
13000,321.5464172363281
14000,367.5209045410156
15000,1153.9312744140625
16000,1793.7962646484375
17000,-28.547060012817383
