global_step,return
1000,-283.59136962890625
2000,-425.17236328125
3000,-266.56304931640625
4000,-189.18516540527344
5000,-283.5437927246094
6000,-79.28691864013672
7000,-344.3429870605469
8000,-114.8199691772461
9000,-375.1145324707031
10000,-192.5966796875
11000,-256.4881591796875
12000,-345.5772705078125
13000,-197.2252197265625
14000,687.0611572265625
15000,36.30377197265625
16000,723.9364013671875
