global_step,return
1000,-283.59136962890625
2000,-425.17236328125
3000,-266.56304931640625
4000,-189.18516540527344
5000,-283.5437927246094
6000,-79.28691864013672
7000,-203.4668426513672
8000,-207.98545837402344
9000,-206.4497833251953
10000,-248.83309936523438
