global_step,return
1000,-313.8648986816406
2000,-286.35736083984375
3000,-29.96160316467285
4000,-277.3794250488281
5000,-415.4580078125
6000,-55.34855651855469
