global_step,return
1000,-294.8653869628906
2000,-256.2434997558594
3000,-317.04888916015625
4000,-342.9268493652344
5000,-218.60289001464844
6000,-97.25311279296875
7000,-196.48236083984375
8000,-195.9574432373047
9000,-176.35244750976562
10000,-47.300323486328125
11000,-183.86668395996094
