global_step,return
1000,-283.59136962890625
2000,-425.17236328125
3000,-266.56304931640625
4000,-189.18516540527344
5000,-283.5437927246094
6000,-79.28691864013672
7000,-217.66111755371094
8000,-128.10888671875
9000,-244.2738800048828
10000,-260.2557373046875
11000,-314.7514343261719
12000,-117.36038208007812
13000,380.553466796875
