global_step,return
1000,-297.2026672363281
2000,-193.2997589111328
3000,-278.5845031738281
4000,-315.11846923828125
5000,-277.876953125
6000,-37.434349060058594
