global_step,return
1000,-176.16567993164062
2000,-197.76380920410156
3000,-408.67352294921875
4000,-233.5557403564453
5000,-121.74899291992188
