global_step,return
1000,-283.59136962890625
2000,-425.17236328125
3000,-266.56304931640625
4000,-189.18516540527344
5000,-283.5437927246094
6000,-77.13394165039062
7000,-207.64688110351562
8000,-157.90481567382812
9000,-239.06179809570312
10000,-254.94921875
11000,-273.4958801269531
12000,-352.35601806640625
