global_step,return
1000,-283.59136962890625
2000,-425.17236328125
3000,-266.56304931640625
4000,-189.18516540527344
5000,-283.5437927246094
6000,-79.28691864013672
7000,-131.3760223388672
8000,-127.58364868164062
9000,-182.86343383789062
10000,-281.2352294921875
11000,-285.5483093261719
