global_step,return
1000,-312.4915466308594
2000,-205.2787628173828
3000,-288.5406188964844
4000,-250.03314208984375
5000,-338.22943115234375
6000,-108.88480377197266
7000,-156.89076232910156
8000,-204.65350341796875
