global_step,return
1000,-255.4917449951172
2000,-204.9096221923828
3000,-167.96298217773438
4000,-244.60910034179688
