global_step,return
1000,-283.59136962890625
2000,-425.17236328125
3000,-266.56304931640625
4000,-189.18516540527344
5000,-283.5437927246094
6000,-79.28691864013672
7000,-213.51844787597656
8000,-137.93995666503906
9000,-289.80218505859375
10000,-222.66256713867188
