global_step,return
1000,-316.3320617675781
2000,-310.7375183105469
3000,-377.89630126953125
4000,-195.26072692871094
5000,-353.3379211425781
6000,-36.9188232421875
7000,-155.1030731201172
8000,-114.77804565429688
9000,-206.48440551757812
10000,-302.9445495605469
11000,-321.5335388183594
