global_step,return
1000,-203.75352478027344
2000,-349.1986999511719
3000,-324.29150390625
4000,-322.6448669433594
5000,-447.504638671875
6000,-191.3990936279297
7000,-273.8230285644531
8000,-175.56719970703125
9000,-170.22898864746094
10000,-58.10153579711914
11000,-94.96754455566406
12000,-335.0359802246094
13000,4.997212886810303
14000,468.389404296875
15000,49.43956756591797
16000,453.1632385253906
17000,392.90777587890625
18000,403.5140380859375
19000,479.2735595703125
