global_step,return
1000,-283.59136962890625
2000,-425.17236328125
3000,-266.56304931640625
4000,-189.18516540527344
5000,-283.5437927246094
6000,-79.28691864013672
7000,-204.69781494140625
8000,-181.593017578125
9000,-231.7965850830078
10000,-275.5534973144531
11000,-246.68719482421875
12000,-202.2512664794922
13000,-40.75917434692383
14000,456.97503662109375
15000,1012.425537109375
16000,1621.136962890625
17000,1574.8961181640625
