global_step,return
1000,-283.59136962890625
2000,-425.17236328125
3000,-266.56304931640625
4000,-189.18516540527344
5000,-283.5437927246094
6000,-79.28691864013672
7000,-211.6661376953125
8000,-157.8188934326172
9000,-163.8873291015625
10000,-270.68121337890625
11000,-245.76536560058594
