global_step,return
1000,-351.78680419921875
2000,-137.5149383544922
3000,-350.1795959472656
4000,-398.5939025878906
5000,-433.69024658203125
6000,-49.89949417114258
